{
"apiVersion": "V2",
"assemblies": [
{
  "files": [
    {
      "filePath": "data_summary.tsv",
      "fileType": "DATA_TABLE",
      "uncompressedLengthBytes": "405"
    },
    {
      "filePath": "assembly_data_report.jsonl",
      "fileType": "DATA_REPORT",
      "uncompressedLengthBytes": "3102"
    }
  ]
},{
  "accession": "GCF_000299455.1",
  "files": [
    {
      "filePath": "GCF_000299455.1/GCF_000299455.1_ASM29945v1_genomic.fna",
      "fileType": "GENOMIC_NUCLEOTIDE_FASTA",
      "uncompressedLengthBytes": "5505720"
    },
    {
      "filePath": "GCF_000299455.1/genomic.gff",
      "fileType": "GFF3",
      "uncompressedLengthBytes": "3213560"
    }
  ]
}]}
