{
"apiVersion": "V2",
"assemblies": [
{
  "files": [
    {
      "filePath": "data_summary.tsv",
      "fileType": "DATA_TABLE",
      "uncompressedLengthBytes": "586"
    },
    {
      "filePath": "assembly_data_report.jsonl",
      "fileType": "DATA_REPORT",
      "uncompressedLengthBytes": "5824"
    }
  ]
},{
  "accession": "GCA_000013265.1",
  "files": [
    {
      "filePath": "GCA_000013265.1/GCA_000013265.1_ASM1326v1_genomic.fna",
      "fileType": "GENOMIC_NUCLEOTIDE_FASTA",
      "uncompressedLengthBytes": "5244842"
    },
    {
      "filePath": "GCA_000013265.1/genomic.gff",
      "fileType": "GFF3",
      "uncompressedLengthBytes": "2092251"
    }
  ]
},{
  "accession": "GCF_000013265.1",
  "files": [
    {
      "filePath": "GCF_000013265.1/GCF_000013265.1_ASM1326v1_genomic.fna",
      "fileType": "GENOMIC_NUCLEOTIDE_FASTA",
      "uncompressedLengthBytes": "5244846"
    },
    {
      "filePath": "GCF_000013265.1/genomic.gff",
      "fileType": "GFF3",
      "uncompressedLengthBytes": "3098336"
    }
  ]
}]}
