{
"apiVersion": "V2",
"assemblies": [
{
  "files": [
    {
      "filePath": "data_summary.tsv",
      "fileType": "DATA_TABLE",
      "uncompressedLengthBytes": "560"
    },
    {
      "filePath": "assembly_data_report.jsonl",
      "fileType": "DATA_REPORT",
      "uncompressedLengthBytes": "7148"
    }
  ]
},{
  "accession": "GCA_000026325.2",
  "files": [
    {
      "filePath": "GCA_000026325.2/GCA_000026325.2_ASM2632v2_genomic.fna",
      "fileType": "GENOMIC_NUCLEOTIDE_FASTA",
      "uncompressedLengthBytes": "5425391"
    },
    {
      "filePath": "GCA_000026325.2/genomic.gff",
      "fileType": "GFF3",
      "uncompressedLengthBytes": "3751251"
    }
  ]
},{
  "accession": "GCF_000026325.1",
  "files": [
    {
      "filePath": "GCF_000026325.1/GCF_000026325.1_ASM2632v2_genomic.fna",
      "fileType": "GENOMIC_NUCLEOTIDE_FASTA",
      "uncompressedLengthBytes": "5425379"
    },
    {
      "filePath": "GCF_000026325.1/genomic.gff",
      "fileType": "GFF3",
      "uncompressedLengthBytes": "3198600"
    }
  ]
}]}
