{
"apiVersion": "V2",
"assemblies": [
{
  "files": [
    {
      "filePath": "data_summary.tsv",
      "fileType": "DATA_TABLE",
      "uncompressedLengthBytes": "574"
    },
    {
      "filePath": "assembly_data_report.jsonl",
      "fileType": "DATA_REPORT",
      "uncompressedLengthBytes": "6528"
    }
  ]
},{
  "accession": "GCA_000009005.1",
  "files": [
    {
      "filePath": "GCA_000009005.1/GCA_000009005.1_ASM900v1_genomic.fna",
      "fileType": "GENOMIC_NUCLEOTIDE_FASTA",
      "uncompressedLengthBytes": "2776869"
    },
    {
      "filePath": "GCA_000009005.1/genomic.gff",
      "fileType": "GFF3",
      "uncompressedLengthBytes": "1309143"
    }
  ]
},{
  "accession": "GCF_000009005.1",
  "files": [
    {
      "filePath": "GCF_000009005.1/GCF_000009005.1_ASM900v1_genomic.fna",
      "fileType": "GENOMIC_NUCLEOTIDE_FASTA",
      "uncompressedLengthBytes": "2776873"
    },
    {
      "filePath": "GCF_000009005.1/genomic.gff",
      "fileType": "GFF3",
      "uncompressedLengthBytes": "1647265"
    }
  ]
}]}
